{"wa_price": 476714.28851848346, "vol": 4.04201272, "cum_val": 1926885.21799746, "ord_pos": 10, "wa_price_a": 484269.24719299097, "vol_a": 1.13427852, "cum_val_a": 549296.20498758, "ord_pos_a": 12}