{"wa_price": 480160.7122768801, "vol": 1.453366, "cum_val": 697849.2537590001, "ord_pos": 18, "wa_price_a": 481664.0, "vol_a": 2.907957, "cum_val_a": 1400658.200448, "ord_pos_a": 0}